{
  "train_loss": [],
  "flow_matching_loss": [
    0.536038875579834
  ],
  "cycle_loss": [
    0.0
  ],
  "learning_rate": [
    0.0001
  ],
  "grad_norm": [
    1.8823439225100462
  ],
  "velocity_magnitude": [],
  "epoch": [
    0,
    1,
    1,
    1,
    1,
    1
  ],
  "step": [
    1,
    1
  ],
  "model/total_parameters": [
    30195776.0
  ],
  "model/trainable_parameters": [
    30195712.0
  ],
  "loss": [
    0.536038875579834
  ],
  "avg_loss": [
    0.536038875579834
  ],
  "avg_fm_loss": [
    0.536038875579834
  ],
  "avg_cycle_loss": [
    0.0
  ],
  "epoch_loss": [
    0.536038875579834
  ],
  "epoch_fm_loss": [
    0.536038875579834
  ],
  "epoch_cycle_loss": [
    0.0
  ],
  "norm_t0": [
    26.498289108276367,
    26.498289108276367
  ],
  "norm_t1": [
    26.065574645996094,
    26.065574645996094
  ],
  "norm_t2": [
    26.068164825439453,
    26.068164825439453
  ],
  "norm_t3": [
    26.261165618896484,
    26.261165618896484
  ],
  "norm_t4": [
    26.535442352294922,
    26.535442352294922
  ],
  "norm_t5": [
    26.345367431640625,
    26.345367431640625
  ],
  "norm_t6": [
    26.456100463867188,
    26.456100463867188
  ],
  "norm_t7": [
    26.151609420776367,
    26.151609420776367
  ],
  "norm_t8": [
    26.3367919921875,
    26.3367919921875
  ],
  "norm_t9": [
    26.519563674926758,
    26.519563674926758
  ],
  "mean_norm": [
    26.323806953430175,
    26.323806953430175
  ],
  "std_norm": [
    0.17242448956862758,
    0.17242448956862758
  ],
  "max_norm": [
    26.535442352294922,
    26.535442352294922
  ],
  "nl_to_lean_distance": [
    4.878190994262695,
    4.878190994262695
  ],
  "lean_to_nl_distance": [
    4.830386161804199,
    4.830386161804199
  ],
  "cycle_error": [
    0.9523442387580872,
    0.9523442387580872
  ],
  "original_similarity": [
    0.9879655838012695,
    0.9879655838012695
  ],
  "transported_similarity": [
    0.9287630319595337,
    0.9287630319595337
  ],
  "similarity_improvement": [
    -0.05920255184173584,
    -0.05920255184173584
  ]
}